id,name
1,6
2,6
3,6
4,6
5,6
6,6
7,6
8,6
9,6
10,6
11,6
12,6
13,6
14,6
15,6
16,6
17,6
18,6
19,6
20,6
21,6
22,6
23,6
24,6
25,6
26,6
27,6
28,6
29,6
30,6
31,6
32,6
33,6
34,6
35,6
36,6
37,6
38,6
39,6
40,6
41,6
42,6
43,6
44,6
45,6
46,6
47,6
48,6
49,6
50,6
51,6
52,6
53,6
54,6
55,6
56,6
57,6
58,6
59,6
60,6
61,6
62,6
63,6
64,6
65,6
66,6
67,6
68,6
69,6
70,6
71,6
72,6
73,6
74,6
75,6
76,6
77,6
78,6
79,6
80,6
81,6
82,6
83,6
84,6
85,6
86,6
87,6
88,6
89,6
90,6
91,6
92,6
93,6
94,6
95,6
96,6
97,6
98,6
99,6
100,6
101,6
102,6
103,6
104,6
105,6
106,6
107,6
108,6
109,6
110,6
111,6
112,6
113,6
114,6
115,6
116,6
117,6
118,6
119,6
120,6
121,6
122,6
123,6
124,6
125,6
126,6
127,6
128,6
129,6
130,6
131,6
132,6
133,6
134,6
135,6
136,6
137,6
138,6
139,6
140,6
141,6
142,6
143,6
144,6
145,6
146,6
147,6
148,6
149,6
150,6
151,6
152,6
153,6
154,6
155,6
156,6
157,6
158,6
159,6
160,6
161,6
162,6
163,6
164,6
165,6
166,6
167,6
168,6
169,6
170,6
171,6
172,6
173,6
174,6
175,6
176,6
177,6
178,6
179,6
180,6
181,6
182,6
183,6
184,6
185,6
186,6
187,6
188,6
189,6
190,6
191,6
192,6
193,6
194,6
195,6
196,6
197,6
198,6
199,6
200,6
201,6
202,6
203,6
204,6
205,6
206,6
207,6
208,6
209,6
210,6
211,6
212,6
213,6
214,6
215,6
216,6
217,6
218,6
219,6
220,6
221,6
222,6
223,6
224,6
225,6
226,6
227,6
228,6
229,6
230,6
231,6
232,6
233,6
234,6
235,6
236,6
237,6
238,6
239,6
240,6
241,6
242,6
243,6
244,6
245,6
246,6
247,6
248,6
249,6
250,6
251,6
252,6
253,6
254,6
255,6
256,6
257,6
258,6
259,6
260,6
261,6
262,6
263,6
264,6
265,6
266,6
267,6
268,6
269,6
270,6
271,6
272,6
273,6
274,6
275,6
276,6
277,6
278,6
279,6
280,6
281,6
282,6
283,6
284,6
285,6
286,6
287,6
288,6
289,6
290,6
291,6
292,6
293,6
294,6
295,6
296,6
297,6
298,6
299,6
300,6
301,6
302,6
303,6
304,6
305,6
306,6
307,6
308,6
309,6
310,6
311,6
312,6
313,6
314,6
315,6
316,6
317,6
318,6
319,6
320,6
321,6
322,6
323,6
324,6
325,6
326,6
327,6
328,6
329,6
330,6
331,6
332,6
333,6
334,6
335,6
336,6
337,6
338,6
339,6
340,6
341,6
342,6
343,6
344,6
345,6
346,6
347,6
348,6
349,6
350,6
351,6
352,6
353,6
354,6
355,6
356,6
357,6
358,6
359,6
360,6
361,6
362,6
363,6
364,6
365,6
366,6
367,6
368,6
369,6
370,6
371,6
372,6
373,6
374,6
375,6
376,6
377,6
378,6
379,6
380,6
381,6
382,6
383,6
384,6
385,6
386,6
387,6
388,6
389,6
390,6
391,6
392,6
393,6
394,6
395,6
396,6
397,6
398,6
399,6
400,6
401,6
402,6
403,6
404,6
405,6
406,6
407,6
408,6
409,6
410,6
411,6
412,6
413,6
414,6
415,6
416,6
417,6
418,6
419,6
420,6
421,6
422,6
423,6
424,6
425,6
426,6
427,6
428,6
429,6
430,6
431,6
432,6
433,6
434,6
435,6
436,6
437,6
438,6
439,6
440,6
441,6
442,6
443,6
444,6
445,6
446,6
447,6
448,6
449,6
450,6
451,6
452,6
453,6
454,6
455,6
456,6
457,6
458,6
459,6
460,6
461,6
462,6
463,6
464,6
465,6
466,6
467,6
468,6
469,6
470,6
471,6
472,6
473,6
474,6
475,6
476,6
477,6
478,6
479,6
480,6
481,6
482,6
483,6
484,6
485,6
486,6
487,6
488,6
489,6
490,6
491,6
492,6
493,6
494,6
495,6
496,6
497,6
498,6
499,6
500,6
501,6
502,6
503,6
504,6
505,6
506,6
507,6
508,6
509,6
510,6
511,6
512,6
513,6
514,6
515,6
516,6
517,6
518,6
519,6
520,6
521,6
522,6
523,6
524,6
525,6
526,6
527,6
528,6
529,6
530,6
531,6
532,6
533,6
534,6
535,6
536,6
537,6
538,6
539,6
540,6
541,6
542,6
543,6
544,6
545,6
546,6
547,6
548,6
549,6
550,6
551,6
552,6
553,6
554,6
555,6
556,6
557,6
558,6
559,6
560,6
561,6
562,6
563,6
564,6
565,6
566,6
567,6
568,6
569,6
570,6
571,6
572,6
573,6
574,6
575,6
576,6
577,6
578,6
579,6
580,6
581,6
582,6
583,6
584,6
585,6
586,6
587,6
588,6
589,6
590,6
591,6
592,6
593,6
594,6
595,6
596,6
597,6
598,6
599,6
600,6
601,6
602,6
603,6
604,6
605,6
606,6
607,6
608,6
609,6
610,6
611,6
612,6
613,6
614,6
615,6
616,6
617,6
618,6
619,6
620,6
621,6
622,6
623,6
624,6
625,6
626,6
627,6
628,6
629,6
630,6
631,6
632,6
633,6
634,6
635,6
636,6
637,6
638,6
639,6
640,6
641,6
642,6
643,6
644,6
645,6
646,6
647,6
648,6
649,6
650,6
651,6
652,6
653,6
654,6
655,6
656,6
657,6
658,6
659,6
660,6
661,6
662,6
663,6
664,6
665,6
666,6
667,6
668,6
669,6
670,6
671,6
672,6
673,6
674,6
675,6
676,6
677,6
678,6
679,6
680,6
681,6
682,6
683,6
684,6
685,6
686,6
687,6
688,6
689,6
690,6
691,6
692,6
693,6
694,6
695,6
696,6
697,6
698,6
699,6
700,6
701,6
702,6
703,6
704,6
705,6
706,6
707,6
708,6
709,6
710,6
711,6
712,6
713,6
714,6
715,6
716,6
717,6
718,6
719,6
720,6
721,6
722,6
723,6
724,6
725,6
726,6
727,6
728,6
729,6
730,6
731,6
732,6
733,6
734,6
735,6
736,6
737,6
738,6
739,6
740,6
741,6
742,6
743,6
744,6
745,6
746,6
747,6
748,6
749,6
750,6
751,6
752,6
753,6
754,6
755,6
756,6
757,6
758,6
759,6
760,6
761,6
762,6
763,6
764,6
765,6
766,6
767,6
768,6
769,6
770,6
771,6
772,6
773,6
774,6
775,6
776,6
777,6
778,6
779,6
780,6
781,6
782,6
783,6
784,6
785,6
786,6
787,6
788,6
789,6
790,6
791,6
792,6
793,6
794,6
795,6
796,6
797,6
798,6
799,6
800,6
801,6
802,6
803,6
804,6
805,6
806,6
807,6
808,6
809,6
810,6
811,6
812,6
813,6
814,6
815,6
816,6
817,6
818,6
819,6
820,6
821,6
822,6
823,6
824,6
825,6
826,6
827,6
828,6
829,6
830,6
831,6
832,6
833,6
834,6
835,6
836,6
837,6
838,6
839,6
840,6
841,6
842,6
843,6
844,6
845,6
846,6
847,6
848,6
849,6
850,6
851,6
852,6
853,6
854,6
855,6
856,6
857,6
858,6
859,6
860,6
861,6
862,6
863,6
864,6
865,6
866,6
867,6
868,6
869,6
870,6
871,6
872,6
873,6
874,6
875,6
876,6
877,6
878,6
879,6
880,6
881,6
882,6
883,6
884,6
885,6
886,6
887,6
888,6
889,6
890,6
891,6
892,6
893,6
894,6
895,6
896,6
897,6
898,6
899,6
900,6
901,6
902,6
903,6
904,6
905,6
906,6
907,6
908,6
909,6
910,6
911,6
912,6
913,6
914,6
915,6
916,6
917,6
918,6
919,6
920,6
921,6
922,6
923,6
924,6
925,6
926,6
927,6
928,6
929,6
930,6
931,6
932,6
933,6
934,6
935,6
936,6
937,6
938,6
939,6
940,6
941,6
942,6
943,6
944,6
945,6
946,6
947,6
948,6
949,6
950,6
951,6
952,6
953,6
954,6
955,6
956,6
957,6
958,6
959,6
960,6
961,6
962,6
963,6
964,6
965,6
966,6
967,6
968,6
969,6
970,6
971,6
972,6
973,6
974,6
975,6
976,6
977,6
978,6
979,6
980,6
981,6
982,6
983,6
984,6
985,6
986,6
987,6
988,6
989,6
990,6
991,6
992,6
993,6
994,6
995,6
996,6
997,6
998,6
999,6
1000,6
1001,6
1002,6
1003,6
1004,6
1005,6
1006,6
1007,6
1008,6
1009,6
1010,6
1011,6
1012,6
1013,6
1014,6
1015,6
1016,6
1017,6
1018,6
1019,6
1020,6
1021,6
1022,6
1023,6
1024,6
1025,6
1026,6
1027,6
1028,6
1029,6
1030,6
1031,6
1032,6
1033,6
1034,6
1035,6
1036,6
1037,6
1038,6
1039,6
1040,6
1041,6
1042,6
1043,6
1044,6
1045,6
1046,6
1047,6
1048,6
1049,6
1050,6
1051,6
1052,6
1053,6
1054,6
1055,6
1056,6
1057,6
1058,6
1059,6
1060,6
1061,6
1062,6
1063,6
1064,6
1065,6
1066,6
1067,6
1068,6
1069,6
1070,6
1071,6
1072,6
1073,6
1074,6
1075,6
1076,6
1077,6
1078,6
1079,6
1080,6
1081,6
1082,6
1083,6
1084,6
1085,6
1086,6
1087,6
1088,6
1089,6
1090,6
1091,6
1092,6
1093,6
1094,6
1095,6
1096,6
1097,6
1098,6
1099,6
1100,6
1101,6
1102,6
1103,6
1104,6
1105,6
1106,6
1107,6
1108,6
1109,6
1110,6
1111,6
1112,6
1113,6
1114,6
1115,6
1116,6
1117,6
1118,6
1119,6
1120,6
1121,6
1122,6
1123,6
1124,6
1125,6
1126,6
1127,6
1128,6
1129,6
1130,6
1131,6
1132,6
1133,6
1134,6
1135,6
1136,6
1137,6
1138,6
1139,10
1140,10
1141,10
1142,10
1143,10
1144,10
1145,10
1146,10
1147,10
1148,10
1149,10
1150,10
1151,10
1152,10
1153,10
1154,10
1155,10
1156,10
1157,10
1158,10
1159,10
1160,10
1161,10
1162,10
1163,10
1164,10
1165,10
1166,10
1167,10
1168,10
1169,10
1170,10
1171,10
1172,10
1173,10
1174,10
1175,10
1176,10
1177,10
1178,10
1179,10
1180,10
1181,10
1182,10
1183,10
1184,10
1185,10
1186,10
1187,10
1188,10
1189,10
1190,10
1191,10
1192,10
1193,10
1194,10
1195,10
1196,10
1197,10
1198,10
1199,10
1200,10
1201,10
1202,10
1203,10
1204,10
1205,10
1206,10
1207,10
1208,10
1209,10
1210,10
1211,10
1212,10
1213,10
1214,10
1215,10
1216,10
1217,10
1218,10
1219,10
1220,10
1221,10
1222,10
1223,10
1224,10
1225,10
1226,10
1227,10
1228,10
1229,10
1230,10
1231,10
1232,10
1233,10
1234,10
1235,10
1236,10
1237,10
1238,10
1239,10
1240,10
1241,10
1242,10
1243,10
1244,10
1245,10
1246,10
1247,10
1248,10
1249,10
1250,10
1251,10
1252,10
1253,10
1254,10
1255,10
1256,10
1257,10
1258,10
1259,10
1260,10
1261,10
1262,10
1263,10
1264,10
1265,10
1266,10
1267,10
1268,10
1269,10
1270,10
1271,10
1272,10
1273,10
1274,10
1275,10
1276,10
1277,10
1278,10
1279,10
1280,10
1281,10
1282,10
1283,10
1284,10
1285,10
1286,10
1287,10
1288,10
1289,10
1290,10
1291,10
1292,10
1293,10
1294,10
1295,10
1296,10
1297,10
1298,10
1299,10
1300,10
1301,10
1302,10
1303,10
1304,10
1305,10
1306,10
1307,10
1308,10
1309,10
1310,10
1311,10
1312,10
1313,10
1314,10
1315,10
1316,10
1317,10
1318,10
1319,10
1320,10
1321,10
1322,10
1323,10
1324,10
1325,10
1326,10
1327,10
1328,10
1329,10
1330,10
1331,10
1332,10
1333,10
1334,10
1335,10
1336,10
1337,10
1338,10
1339,10
1340,10
1341,10
1342,10
1343,10
1344,10
1345,10
1346,10
1347,10
1348,10
1349,10
1350,10
1351,10
1352,10
1353,10
1354,10
1355,10
1356,10
1357,10
1358,10
1359,10
1360,10
1361,10
1362,10
1363,10
1364,10
1365,10
1366,10
1367,10
1368,10
1369,10
1370,10
1371,10
1372,10
1373,10
1374,10
1375,10
1376,10
1377,10
1378,10
1379,10
1380,10
1381,10
1382,10
1383,10
1384,10
1385,10
1386,10
1387,10
1388,10
1389,10
1390,10
1391,10
1392,10
1393,10
1394,10
1395,10
1396,10
1397,10
1398,10
1399,10
1400,10
1401,10
1402,10
1403,10
1404,10
1405,10
1406,10
1407,10
1408,10
1409,10
1410,10
1411,10
1412,10
1413,10
1414,10
1415,10
1416,10
1417,10
1418,10
1419,10
1420,10
1421,10
1422,10
1423,10
1424,10
1425,10
1426,10
1427,10
1428,10
1429,10
1430,10
1431,10
1432,10
1433,10
1434,5
1435,5
1436,5
1437,5
1438,5
1439,5
1440,5
1441,5
1442,5
1443,5
1444,5
1445,5
1446,5
1447,5
1448,5
1449,5
1450,5
1451,5
1452,5
1453,5
1454,5
1455,5
1456,5
1457,5
1458,5
1459,5
1460,5
1461,5
1462,5
1463,5
1464,5
1465,5
1466,5
1467,5
1468,5
1469,5
1470,5
1471,5
1472,5
1473,5
1474,5
1475,5
1476,5
1477,5
1478,5
1479,5
1480,5
1481,5
1482,5
1483,5
1484,5
1485,5
1486,5
1487,5
1488,5
1489,5
1490,5
1491,5
1492,5
1493,5
1494,5
1495,5
1496,5
1497,5
1498,5
1499,5
1500,5
1501,5
1502,5
1503,5
1504,5
1505,5
1506,5
1507,5
1508,5
1509,5
1510,5
1511,5
1512,5
1513,5
1514,5
1515,5
1516,5
1517,5
1518,5
1519,5
1520,5
1521,5
1522,5
1523,5
1524,5
1525,5
1526,5
1527,5
1528,5
1529,5
1530,5
1531,5
1532,5
1533,5
1534,5
1535,5
1536,5
1537,5
1538,5
1539,5
1540,5
1541,5
1542,5
1543,5
1544,5
1545,5
1546,5
1547,5
1548,5
1549,5
1550,5
1551,5
1552,5
1553,5
1554,5
1555,5
1556,5
1557,5
1558,5
1559,5
1560,5
1561,5
1562,5
1563,5
1564,5
1565,5
1566,5
1567,5
1568,5
1569,5
1570,5
1571,5
1572,5
1573,5
1574,5
1575,5
1576,5
1577,5
1578,5
1579,5
1580,5
1581,5
1582,5
1583,5
1584,5
1585,5
1586,5
1587,5
1588,5
1589,5
1590,5
1591,5
1592,5
1593,5
1594,5
1595,5
1596,5
1597,5
1598,5
1599,5
1600,5
1601,5
1602,5
1603,5
1604,5
1605,5
1606,5
1607,5
1608,5
1609,5
1610,5
1611,5
1612,5
1613,5
1614,5
1615,5
1616,5
1617,5
1618,5
1619,5
1620,5
1621,5
1622,5
1623,5
1624,5
1625,5
1626,5
1627,5
1628,5
1629,5
1630,5
1631,5
1632,5
1633,5
1634,5
1635,5
1636,5
1637,5
1638,5
1639,5
1640,5
1641,5
1642,5
1643,5
1644,5
1645,5
1646,5
1647,5
1648,5
1649,5
1650,5
1651,5
1652,5
1653,5
1654,5
1655,5
1656,5
1657,5
1658,5
1659,5
1660,5
1661,5
1662,5
1663,5
1664,5
1665,5
1666,5
1667,5
1668,5
1669,5
1670,5
1671,5
1672,5
1673,5
1674,5
1675,5
1676,5
1677,5
1678,5
1679,5
1680,5
1681,5
1682,5
1683,5
1684,5
1685,5
1686,5
1687,5
1688,5
1689,5
1690,5
1691,5
1692,5
1693,9
1694,9
1695,9
1696,9
1697,9
1698,9
1699,9
1700,9
1701,9
1702,9
1703,9
1704,9
1705,9
1706,9
1707,9
1708,9
1709,9
1710,9
1711,9
1712,9
1713,9
1714,9
1715,9
1716,9
1717,9
1718,9
1719,9
1720,9
1721,9
1722,9
1723,9
1724,9
1725,9
1726,9
1727,9
1728,9
1729,9
1730,9
1731,9
1732,9
1733,9
1734,9
1735,9
1736,9
1737,9
1738,9
1739,9
1740,9
1741,9
1742,9
1743,9
1744,9
1745,9
1746,9
1747,9
1748,9
1749,9
1750,9
1751,9
1752,9
1753,9
1754,9
1755,9
1756,9
1757,9
1758,9
1759,9
1760,9
1761,9
1762,9
1763,9
1764,9
1765,9
1766,9
1767,9
1768,9
1769,9
1770,9
1771,9
1772,9
1773,9
1774,9
1775,9
1776,9
1777,9
1778,9
1779,9
1780,9
1781,9
1782,9
1783,9
1784,9
1785,9
1786,9
1787,9
1788,9
1789,9
1790,9
1791,9
1792,9
1793,9
1794,9
1795,9
1796,9
1797,9
1798,9
1799,9
1800,9
1801,9
1802,9
1803,9
1804,9
1805,9
1806,9
1807,9
1808,9
1809,9
1810,9
1811,9
1812,9
1813,9
1814,9
1815,9
1816,9
1817,9
1818,9
1819,9
1820,9
1821,9
1822,9
1823,9
1824,9
1825,9
1826,9
1827,9
1828,9
1829,9
1830,9
1831,9
1832,9
1833,9
1834,9
1835,9
1836,9
1837,9
1838,9
1839,9
1840,9
1841,9
1842,9
1843,9
1844,9
1845,9
1846,9
1847,9
1848,9
1849,9
1850,9
1851,9
1852,9
1853,9
1854,9
1855,9
1856,9
1857,9
1858,9
1859,9
1860,9
1861,9
1862,9
1863,9
1864,9
1865,9
1866,9
1867,9
1868,9
1869,9
1870,9
1871,9
1872,9
1873,9
1874,9
1875,9
1876,9
1877,9
1878,9
1879,9
1880,9
1881,9
1882,9
1883,9
1884,9
1885,9
1886,9
1887,9
1888,9
1889,9
1890,9
1891,9
1892,9
1893,9
1894,9
1895,9
1896,9
1897,9
1898,9
1899,9
1900,9
1901,9
1902,9
1903,9
1904,9
1905,9
1906,9
1907,9
1908,9
1909,9
1910,9
1911,9
1912,9
1913,9
1914,9
1915,9
1916,9
1917,9
1918,9
1919,9
1920,9
1921,9
1922,9
1923,9
1924,9
1925,9
1926,9
1927,9
1928,9
1929,9
1930,9
1931,9
1932,9
1933,9
1934,9
1935,9
1936,9
1937,9
1938,9
1939,9
1940,9
1941,9
1942,9
1943,9
1944,9
1945,9
1946,9
1947,9
1948,9
1949,9
1950,9
1951,9
1952,9
1953,9
1954,9
1955,9
1956,9
1957,9
1958,9
1959,9
1960,9
1961,9
1962,9
1963,9
1964,9
1965,9
1966,9
1967,9
1968,9
1969,9
1970,9
1971,9
1972,9
1973,9
1974,9
1975,9
1976,9
1977,9
1978,9
1979,9
1980,9
1981,9
1982,9
1983,9
1984,9
1985,9
1986,9
1987,9
1988,9
1989,9
1990,9
1991,9
1992,9
1993,9
1994,9
1995,9
1996,9
1997,9
1998,9
1999,9
2000,9
2001,9
2002,9
2003,9
2004,9
2005,9
2006,9
2007,9
2008,9
2009,9
2010,9
2011,9
2012,9
2013,9
2014,9
2015,9
2016,9
2017,9
2018,9
2019,9
2020,9
2021,9
2022,9
2023,9
2024,9
2025,9
2026,9
2027,9
2028,9
2029,9
2030,9
2031,9
2032,9
2033,9
2034,9
2035,9
2036,9
2037,9
2038,9
2039,9
2040,9
2041,9
2042,9
2043,9
2044,9
2045,9
2046,9
2047,9
2048,9
2049,9
2050,9
2051,9
2052,9
2053,9
2054,9
2055,9
2056,9
2057,9
2058,9
2059,9
2060,9
2061,9
2062,9
2063,9
2064,9
2065,9
2066,9
2067,9
2068,9
2069,9
2070,9
2071,9
2072,9
2073,9
2074,9
2075,9
2076,9
2077,9
2078,9
2079,9
2080,9
2081,9
2082,9
2083,9
2084,9
2085,9
2086,9
2087,9
2088,9
2089,9
2090,9
2091,9
2092,9
2093,9
2094,9
2095,9
2096,9
2097,9
2098,9
2099,9
2100,9
2101,9
2102,9
2103,9
2104,9
2105,9
2106,9
2107,9
2108,9
2109,9
2110,9
2111,9
2112,9
2113,9
2114,9
2115,9
2116,10
2117,10
2118,10
2119,10
2120,10
2121,10
2122,10
2123,10
2124,10
2125,10
2126,10
2127,10
2128,10
2129,10
2130,10
2131,10
2132,10
2133,10
2134,10
2135,10
2136,10
2137,10
2138,10
2139,10
2140,10
2141,10
2142,10
2143,10
2144,10
2145,10
2146,10
2147,10
2148,10
2149,10
2150,10
2151,10
2152,10
2153,10
2154,10
2155,10
2156,10
2157,10
2158,10
2159,10
2160,10
2161,10
2162,10
2163,10
2164,10
2165,10
2166,10
2167,10
2168,10
2169,10
2170,10
2171,10
2172,10
2173,10
2174,10
2175,10
2176,10
2177,10
2178,10
2179,10
2180,10
2181,10
2182,10
2183,10
2184,10
2185,10
2186,10
2187,10
2188,10
2189,10
2190,10
2191,10
2192,10
2193,10
2194,10
2195,10
2196,10
2197,10
2198,10
2199,10
2200,10
2201,10
2202,10
2203,10
2204,10
2205,10
2206,10
2207,10
2208,10
2209,10
2210,10
2211,10
2212,10
2213,10
2214,10
2215,10
2216,10
2217,10
2218,10
2219,10
2220,10
2221,10
2222,10
2223,10
2224,10
2225,10
2226,10
2227,10
2228,10
2229,10
2230,10
2231,10
2232,10
2233,10
2234,10
2235,10
2236,10
2237,10
2238,10
2239,10
2240,10
2241,10
2242,10
2243,10
2244,10
2245,10
2246,10
2247,10
2248,10
2249,10
2250,10
2251,10
2252,10
2253,10
2254,10
2255,10
2256,10
2257,10
2258,10
2259,10
2260,10
2261,10
2262,10
2263,10
2264,10
2265,10
2266,10
2267,10
2268,10
2269,10
2270,10
2271,10
2272,10
2273,10
2274,10
2275,10
2276,10
2277,10
2278,10
2279,10
2280,10
2281,10
2282,10
2283,10
2284,10
2285,10
2286,10
2287,10
2288,10
2289,1
2290,1
2291,1
2292,1
2293,1
2294,1
2295,1
2296,1
2297,1
2298,1
2299,1
2300,1
2301,1
2302,1
2303,1
2304,1
2305,1
2306,1
2307,1
2308,1
2309,1
2310,1
2311,1
2312,1
2313,1
2314,1
2315,1
2316,1
2317,1
2318,1
2319,1
2320,1
2321,1
2322,1
2323,1
2324,1
2325,1
2326,1
2327,1
2328,1
2329,1
2330,1
2331,1
2332,1
2333,1
2334,1
2335,1
2336,1
2337,1
2338,1
2339,1
2340,1
2341,1
2342,1
2343,1
2344,1
2345,1
2346,1
2347,1
2348,1
2349,1
2350,1
2351,1
2352,1
2353,1
2354,1
2355,1
2356,1
2357,1
2358,1
2359,1
2360,1
2361,1
2362,1
2363,1
2364,1
2365,1
2366,1
2367,1
2368,1
2369,1
2370,1
2371,1
2372,1
2373,1
2374,1
2375,1
2376,1
2377,1
2378,1
2379,1
2380,1
2381,1
2382,1
2383,1
2384,1
2385,1
2386,1
2387,1
2388,1
2389,1
2390,1
2391,1
2392,1
2393,1
2394,1
2395,1
2396,1
2397,1
2398,1
2399,1
2400,1
2401,1
2402,1
2403,1
2404,1
2405,1
2406,1
2407,1
2408,1
2409,1
2410,1
2411,1
2412,1
2413,1
2414,1
2415,1
2416,1
2417,1
2418,1
2419,1
2420,1
2421,1
2422,1
2423,1
2424,1
2425,1
2426,1
2427,1
2428,1
2429,1
2430,1
2431,1
2432,1
2433,1
2434,1
2435,1
2436,1
2437,1
2438,1
2439,1
2440,1
2441,1
2442,1
2443,1
2444,1
2445,1
2446,1
2447,1
2448,1
2449,1
2450,1
2451,1
2452,1
2453,1
2454,1
2455,1
2456,1
2457,1
2458,1
2459,1
2460,1
2461,1
2462,1
2463,1
2464,1
2465,1
2466,1
2467,1
2468,1
2469,1
2470,1
2471,1
2472,1
2473,1
2474,1
2475,1
2476,1
2477,1
2478,1
2479,1
2480,1
2481,1
2482,1
2483,1
2484,1
2485,1
2486,1
2487,1
2488,1
2489,1
2490,1
2491,1
2492,1
2493,1
2494,1
2495,1
2496,1
2497,1
2498,1
2499,1
2500,1
2501,1
2502,1
2503,1
2504,1
2505,1
2506,1
2507,1
2508,1
2509,1
2510,1
2511,1
2512,1
2513,1
2514,1
2515,1
2516,1
2517,1
2518,1
2519,1
2520,1
2521,1
2522,1
2523,1
2524,1
2525,1
2526,1
2527,1
2528,1
2529,1
2530,1
2531,1
2532,1
2533,1
2534,1
2535,1
2536,1
2537,1
2538,1
2539,1
2540,1
2541,1
2542,1
2543,1
2544,1
2545,1
2546,1
2547,1
2548,1
2549,1
2550,1
2551,1
2552,1
2553,1
2554,1
2555,1
2556,1
2557,7
2558,7
2559,7
2560,7
2561,7
2562,7
2563,7
2564,7
2565,7
2566,7
2567,7
2568,7
2569,7
2570,7
2571,7
2572,7
2573,7
2574,7
2575,7
2576,7
2577,7
2578,7
2579,7
2580,7
2581,7
2582,7
2583,7
2584,7
2585,7
2586,7
2587,7
2588,7
2589,7
2590,7
2591,7
2592,7
2593,7
2594,7
2595,7
2596,7
2597,7
2598,7
2599,7
2600,7
2601,7
2602,7
2603,7
2604,7
2605,7
2606,7
2607,7
2608,7
2609,7
2610,7
2611,7
2612,7
2613,7
2614,7
2615,7
2616,7
2617,7
2618,7
2619,7
2620,7
2621,7
2622,7
2623,7
2624,7
2625,7
2626,7
2627,7
2628,7
2629,7
2630,7
2631,7
2632,7
2633,7
2634,7
2635,7
2636,7
2637,7
2638,7
2639,7
2640,7
2641,7
2642,7
2643,7
2644,7
2645,7
2646,7
2647,7
2648,7
2649,7
2650,7
2651,7
2652,7
2653,7
2654,7
2655,7
2656,7
2657,7
2658,7
2659,7
2660,7
2661,7
2662,7
2663,7
2664,7
2665,7
2666,7
2667,7
2668,7
2669,7
2670,7
2671,7
2672,7
2673,7
2674,7
2675,10
2676,10
2677,10
2678,10
2679,10
2680,10
2681,10
2682,10
2683,10
2684,10
2685,10
2686,10
2687,10
2688,10
2689,10
2690,10
2691,10
2692,10
2693,10
2694,10
2695,10
2696,10
2697,10
2698,10
2699,10
2700,10
2701,10
2702,10
2703,10
2704,10
2705,10
2706,10
2707,10
2708,10
2709,10
2710,10
2711,10
2712,10
2713,10
2714,10
2715,10
2716,10
2717,10
2718,10
2719,10
2720,10
2721,10
2722,10
2723,10
2724,10
2725,10
2726,10
2727,10
2728,10
2729,10
2730,10
2731,10
2732,10
2733,10
2734,10
2735,10
2736,10
2737,10
2738,10
2739,10
2740,10
2741,10
2742,10
2743,10
2744,10
2745,10
2746,10
2747,10
2748,10
2749,10
2750,10
2751,10
2752,10
2753,10
2754,10
2755,10
2756,10
2757,10
2758,10
2759,10
2760,10
2761,10
2762,10
2763,10
2764,10
2765,10
2766,10
2767,10
2768,10
2769,10
2770,10
2771,10
2772,10
2773,10
2774,0
2775,0
2776,0
2777,0
2778,0
2779,0
2780,0
2781,0
2782,0
2783,0
2784,0
2785,0
2786,0
2787,0
2788,0
2789,0
2790,0
2791,0
2792,0
2793,0
2794,0
2795,0
2796,0
2797,0
2798,0
2799,0
2800,0
2801,0
2802,0
2803,0
2804,0
2805,0
2806,0
2807,0
2808,0
2809,0
2810,0
2811,0
2812,0
2813,0
2814,0
2815,0
2816,0
2817,0
2818,0
2819,0
2820,0
2821,0
2822,0
2823,0
2824,0
2825,0
2826,0
2827,0
2828,0
2829,0
2830,0
2831,0
2832,0
2833,0
2834,0
2835,0
2836,0
2837,0
2838,0
2839,0
2840,0
2841,0
2842,0
2843,0
2844,0
2845,0
2846,0
2847,0
2848,0
2849,0
2850,0
2851,0
2852,0
2853,0
2854,0
2855,0
2856,0
2857,0
2858,0
2859,0
2860,0
2861,0
2862,0
2863,0
2864,0
2865,0
2866,0
2867,0
2868,0
2869,0
2870,0
2871,0
2872,0
2873,0
2874,0
2875,0
2876,0
2877,0
2878,0
2879,0
2880,0
2881,0
2882,0
2883,0
2884,0
2885,0
2886,0
2887,0
2888,0
2889,0
2890,0
2891,0
2892,0
2893,0
2894,0
2895,0
2896,0
2897,0
2898,0
2899,0
2900,0
2901,0
2902,0
2903,0
2904,0
2905,0
2906,0
2907,0
2908,0
2909,0
2910,0
2911,0
2912,0
2913,0
2914,0
2915,0
2916,0
2917,0
2918,0
2919,0
2920,0
2921,0
2922,0
2923,0
2924,0
2925,0
2926,0
2927,0
2928,0
2929,0
2930,0
2931,0
2932,0
2933,0
2934,0
2935,0
2936,0
2937,0
2938,0
2939,0
2940,0
2941,0
2942,0
2943,0
2944,0
2945,0
2946,0
2947,0
2948,0
2949,0
2950,0
2951,0
2952,0
2953,0
2954,0
2955,0
2956,0
2957,0
2958,0
2959,0
2960,0
2961,0
2962,0
2963,0
2964,0
2965,0
2966,0
2967,0
2968,0
2969,0
2970,0
2971,0
2972,0
2973,0
2974,0
2975,0
2976,0
2977,0
2978,0
2979,0
2980,0
2981,0
2982,0
2983,0
2984,0
2985,0
2986,0
2987,0
2988,0
2989,0
2990,0
2991,0
2992,0
2993,0
2994,0
2995,0
2996,0
2997,0
2998,0
2999,0
3000,0
3001,0
3002,0
3003,0
3004,0
3005,0
3006,0
3007,0
3008,0
3009,0
3010,0
3011,0
3012,0
3013,0
3014,0
3015,0
3016,0
3017,0
3018,0
3019,0
3020,0
3021,0
3022,0
3023,0
3024,0
3025,0
3026,0
3027,0
3028,0
3029,0
3030,0
3031,0
3032,0
3033,0
3034,0
3035,0
3036,0
3037,0
3038,0
3039,0
3040,0
3041,0
3042,0
3043,0
3044,0
3045,0
3046,0
3047,0
3048,0
3049,0
3050,0
3051,0
3052,0
3053,0
3054,0
3055,0
3056,0
3057,0
3058,0
3059,0
3060,0
3061,0
3062,0
3063,0
3064,0
3065,0
3066,0
3067,0
3068,0
3069,0
3070,0
3071,0
3072,0
3073,0
3074,0
3075,0
3076,0
3077,0
3078,0
3079,0
3080,0
3081,0
3082,0
3083,0
3084,0
3085,0
3086,0
3087,0
3088,0
3089,0
3090,0
3091,0
3092,0
3093,0
3094,0
3095,0
3096,0
3097,0
3098,0
3099,0
3100,0
3101,0
3102,0
3103,0
3104,0
3105,0
3106,0
3107,0
3108,0
3109,0
3110,0
3111,0
3112,0
3113,0
3114,0
3115,0
3116,0
3117,0
3118,0
3119,0
3120,0
3121,0
3122,0
3123,0
3124,0
3125,0
3126,0
3127,0
3128,0
3129,0
3130,0
3131,0
3132,0
3133,0
3134,0
3135,0
3136,0
3137,0
3138,0
3139,0
3140,0
3141,0
3142,0
3143,0
3144,0
3145,0
3146,0
3147,0
3148,0
3149,0
3150,0
3151,0
3152,0
3153,0
3154,0
3155,0
3156,0
3157,0
3158,0
3159,0
3160,0
3161,0
3162,0
3163,0
3164,0
3165,0
3166,0
3167,0
3168,0
3169,0
3170,0
3171,0
3172,0
3173,0
3174,0
3175,0
3176,0
3177,0
3178,0
3179,0
3180,0
3181,0
3182,0
3183,0
3184,0
3185,0
3186,0
3187,0
3188,0
3189,0
3190,0
3191,0
3192,0
3193,0
3194,0
3195,0
3196,0
3197,0
3198,0
3199,0
3200,0
3201,0
3202,0
3203,0
3204,0
3205,0
3206,0
3207,0
3208,0
3209,0
3210,0
3211,0
3212,0
3213,0
3214,0
3215,0
3216,0
3217,0
3218,0
3219,0
3220,0
3221,0
3222,0
3223,0
3224,0
3225,0
3226,0
3227,0
3228,0
3229,0
3230,0
3231,0
3232,0
3233,0
3234,0
3235,0
3236,0
3237,0
3238,0
3239,0
3240,0
3241,0
3242,0
3243,0
3244,0
3245,0
3246,0
3247,0
3248,0
3249,0
3250,0
3251,0
3252,0
3253,0
3254,0
3255,0
3256,0
3257,0
3258,0
3259,0
3260,0
3261,0
3262,0
3263,0
3264,0
3265,0
3266,0
3267,0
3268,0
3269,0
3270,0
3271,0
3272,0
3273,0
3274,0
3275,0
3276,0
3277,0
3278,0
3279,0
3280,0
3281,0
3282,0
3283,0
3284,0
3285,0
3286,0
3287,0
3288,0
3289,0
3290,0
3291,0
3292,0
3293,0
3294,0
3295,0
3296,0
3297,0
3298,0
3299,0
3300,0
3301,0
3302,0
3303,0
3304,0
3305,0
3306,0
3307,0
3308,0
3309,0
3310,0
3311,0
3312,0
3313,0
3314,0
3315,0
3316,0
3317,0
3318,0
3319,0
3320,0
3321,0
3322,0
3323,0
3324,0
3325,0
3326,0
3327,0
3328,0
3329,0
3330,0
3331,0
3332,0
3333,0
3334,0
3335,0
3336,0
3337,0
3338,0
3339,0
3340,0
3341,0
3342,0
3343,0
3344,0
3345,0
3346,0
3347,0
3348,0
3349,0
3350,0
3351,0
3352,0
3353,0
3354,0
3355,0
3356,0
3357,0
3358,0
3359,0
3360,0
3361,0
3362,0
3363,0
3364,0
3365,0
3366,0
3367,0
3368,0
3369,0
3370,0
3371,0
3372,0
3373,0
3374,0
3375,0
3376,0
3377,0
3378,0
3379,0
3380,0
3381,0
3382,0
3383,0
3384,0
3385,0
3386,0
3387,0
3388,0
3389,0
3390,0
3391,0
3392,0
3393,0
3394,0
3395,0
3396,0
3397,0
3398,0
3399,0
3400,0
3401,0
3402,0
3403,0
3404,0
3405,0
3406,0
3407,0
3408,0
3409,0
3410,0
3411,0
3412,0
3413,0
3414,0
3415,0
3416,0
3417,0
3418,0
3419,0
3420,0
3421,0
3422,0
3423,0
3424,0
3425,0
3426,0
3427,0
3428,0
3429,0
3430,0
3431,0
3432,0
3433,0
3434,0
3435,0
3436,0
3437,0
3438,0
3439,0
3440,0
3441,0
3442,0
3443,0
3444,0
3445,0
3446,0
3447,0
3448,0
3449,0
3450,0
3451,0
3452,0
3453,0
3454,0
3455,0
3456,0
3457,0
3458,0
3459,0
3460,0
3461,0
3462,0
3463,0
3464,0
3465,0
3466,0
3467,0
3468,0
3469,0
3470,0
3471,0
3472,0
3473,0
3474,0
3475,0
3476,0
3477,0
3478,0
3479,0
3480,0
3481,0
3482,0
3483,0
3484,0
3485,0
3486,0
3487,0
3488,0
3489,0
3490,0
3491,0
3492,0
3493,0
3494,0
3495,0
3496,0
3497,0
3498,0
3499,0
3500,0
3501,0
3502,0
3503,0
3504,0
3505,0
3506,0
3507,0
3508,0
3509,0
3510,0
3511,0
3512,0
3513,0
3514,0
3515,0
3516,0
3517,0
3518,0
3519,0
3520,0
3521,0
3522,0
3523,0
3524,0
3525,0
3526,0
3527,0
3528,0
3529,0
3530,0
3531,0
3532,0
3533,0
3534,0
3535,0
3536,0
3537,0
3538,0
3539,0
3540,0
3541,0
3542,0
3543,0
3544,0
3545,0
3546,0
3547,0
3548,0
3549,0
3550,0
3551,0
3552,0
3553,0
3554,0
3555,0
3556,0
3557,0
3558,0
3559,0
3560,0
3561,0
3562,0
3563,0
3564,0
3565,0
3566,0
3567,0
3568,0
3569,0
3570,0
3571,0
3572,0
3573,0
3574,0
3575,0
3576,0
3577,0
3578,0
3579,0
3580,0
3581,0
3582,0
3583,0
3584,0
3585,0
3586,0
3587,0
3588,0
3589,0
3590,0
3591,0
3592,0
3593,0
3594,0
3595,0
3596,0
3597,0
3598,0
3599,0
3600,0
3601,0
3602,0
3603,0
3604,0
3605,0
3606,0
3607,0
3608,0
3609,0
3610,0
3611,0
3612,0
3613,0
3614,0
3615,0
3616,0
3617,0
3618,0
3619,0
3620,0
3621,0
3622,0
3623,0
3624,0
3625,0
3626,0
3627,0
3628,0
3629,0
3630,0
3631,0
3632,0
3633,0
3634,0
3635,0
3636,0
3637,0
3638,0
3639,0
3640,0
3641,0
3642,0
3643,0
3644,0
3645,0
3646,0
3647,0
3648,0
3649,0
3650,0
3651,0
3652,0
3653,0
3654,0
3655,0
3656,0
3657,0
3658,0
3659,0
3660,0
3661,0
3662,0
3663,0
3664,0
3665,0
3666,0
3667,0
3668,0
3669,0
3670,8
3671,8
3672,8
3673,8
3674,8
3675,8
3676,8
3677,8
3678,8
3679,8
3680,8
3681,8
3682,8
3683,8
3684,8
3685,8
3686,8
3687,8
3688,8
3689,8
3690,8
3691,8
3692,8
3693,8
3694,8
3695,8
3696,8
3697,8
3698,8
3699,8
3700,8
3701,8
3702,8
3703,8
3704,8
3705,8
3706,8
3707,8
3708,8
3709,8
3710,8
3711,8
3712,8
3713,8
3714,8
3715,8
3716,8
3717,8
3718,8
3719,8
3720,8
3721,8
3722,8
3723,8
3724,8
3725,8
3726,8
3727,8
3728,8
3729,8
3730,8
3731,8
3732,8
3733,8
3734,8
3735,8
3736,8
3737,8
3738,8
3739,8
3740,8
3741,8
3742,8
3743,3
3744,3
3745,3
3746,3
3747,3
3748,3
3749,3
3750,3
3751,3
3752,3
3753,3
3754,3
3755,3
3756,3
3757,3
3758,3
3759,3
3760,3
3761,3
3762,3
3763,3
3764,3
3765,3
3766,3
3767,3
3768,3
3769,3
3770,3
3771,3
3772,3
3773,3
3774,3
3775,3
3776,3
3777,3
3778,3
3779,3
3780,3
3781,3
3782,3
3783,3
3784,3
3785,3
3786,3
3787,3
3788,3
3789,3
3790,3
3791,3
3792,3
3793,3
3794,3
3795,3
3796,3
3797,3
3798,3
3799,3
3800,3
3801,3
3802,3
3803,9
3804,9
3805,9
3806,9
3807,9
3808,9
3809,9
3810,9
3811,9
3812,9
3813,9
3814,9
3815,9
3816,9
3817,9
3818,9
3819,9
3820,9
3821,9
3822,9
3823,9
3824,9
3825,9
3826,9
3827,9
3828,9
3829,9
3830,9
3831,9
3832,9
3833,9
3834,9
3835,9
3836,9
3837,9
3838,9
3839,9
3840,9
3841,9
3842,9
3843,9
3844,9
3845,9
3846,9
3847,9
3848,9
3849,9
3850,9
3851,9
3852,9
3853,9
3854,9
3855,9
3856,9
3857,9
3858,9
3859,9
3860,9
3861,9
3862,9
3863,10
3864,10
3865,10
3866,10
3867,10
3868,10
3869,10
3870,10
3871,10
3872,10
3873,10
3874,10
3875,10
3876,10
3877,10
3878,10
3879,10
3880,10
3881,10
3882,10
3883,10
3884,10
3885,10
3886,10
3887,10
3888,10
3889,10
3890,10
3891,10
3892,10
3893,10
3894,10
3895,10
3896,10
3897,10
3898,10
3899,10
3900,10
3901,10
3902,10
3903,10
3904,10
3905,10
3906,10
3907,10
3908,10
3909,10
3910,10
3911,10
3912,10
3913,10
3914,10
3915,10
3916,10
3917,2
3918,2
3919,2
3920,2
3921,2
3922,2
3923,2
3924,2
3925,2
3926,2
3927,2
3928,2
3929,2
3930,2
3931,2
3932,2
3933,2
3934,2
3935,2
3936,2
3937,2
3938,2
3939,2
3940,2
3941,2
3942,2
3943,2
3944,2
3945,2
3946,2
3947,2
3948,2
3949,2
3950,2
3951,2
3952,2
3953,2
3954,2
3955,2
3956,2
3957,2
3958,2
3959,2
3960,2
3961,2
3962,2
3963,2
3964,2
3965,2
3966,2
3967,2
3968,2
3969,2
3970,2
3971,2
3972,2
3973,2
3974,2
3975,2
3976,2
3977,2
3978,2
3979,2
3980,2
3981,2
3982,2
3983,2
3984,2
3985,2
3986,2
3987,2
3988,2
3989,2
3990,2
3991,2
3992,2
3993,2
3994,2
3995,2
3996,2
3997,2
3998,2
3999,2
4000,2
4001,2
4002,2
4003,2
4004,2
4005,2
4006,2
4007,2
4008,2
4009,2
4010,2
4011,2
4012,2
4013,2
4014,2
4015,2
4016,2
4017,2
4018,2
4019,2
4020,2
4021,2
4022,2
4023,2
4024,2
4025,2
4026,2
4027,2
4028,2
4029,2
4030,2
4031,2
4032,2
4033,2
4034,2
4035,2
4036,2
4037,2
4038,2
4039,2
4040,2
4041,2
4042,2
4043,2
4044,2
4045,2
4046,2
4047,2
4048,2
4049,2
4050,2
4051,2
4052,2
4053,2
4054,2
4055,2
4056,2
4057,2
4058,2
4059,2
4060,2
4061,2
4062,2
4063,2
4064,2
4065,2
4066,2
4067,2
4068,2
4069,2
4070,2
4071,2
4072,2
4073,2
4074,2
4075,2
4076,2
4077,2
4078,2
4079,2
4080,2
4081,2
4082,2
4083,2
4084,2
4085,2
4086,2
4087,2
4088,2
4089,2
4090,2
4091,2
4092,2
4093,2
4094,2
4095,2
4096,2
4097,2
4098,2
4099,2
4100,2
4101,2
4102,2
4103,2
4104,2
4105,2
4106,2
4107,2
4108,2
4109,2
4110,2
4111,2
4112,2
4113,2
4114,2
4115,2
4116,2
4117,2
4118,2
4119,2
4120,2
4121,2
4122,2
4123,2
4124,2
4125,2
4126,2
4127,2
4128,2
4129,2
4130,2
4131,2
4132,2
4133,2
4134,2
4135,2
4136,2
4137,2
4138,2
4139,2
4140,2
4141,2
4142,2
4143,2
4144,2
4145,2
4146,2
4147,2
4148,2
4149,2
4150,2
4151,2
4152,2
4153,2
4154,2
4155,2
4156,2
4157,2
4158,2
4159,2
4160,2
4161,2
4162,2
4163,2
4164,2
4165,2
4166,2
4167,2
4168,2
4169,2
4170,2
4171,2
4172,2
4173,2
4174,2
4175,2
4176,2
4177,2
4178,2
4179,2
4180,2
4181,2
4182,2
4183,2
4184,2
4185,2
4186,2
4187,2
4188,2
4189,2
4190,2
4191,2
4192,2
4193,2
4194,2
4195,2
4196,2
4197,2
4198,2
4199,2
4200,2
4201,2
4202,2
4203,2
4204,2
4205,2
4206,2
4207,2
4208,2
4209,2
4210,2
4211,2
4212,2
4213,2
4214,2
4215,2
4216,2
4217,2
4218,2
4219,2
4220,2
4221,2
4222,2
4223,2
4224,2
4225,2
4226,2
4227,2
4228,2
4229,2
4230,2
4231,2
4232,2
4233,2
4234,2
4235,2
4236,2
4237,2
4238,2
4239,2
4240,2
4241,2
4242,2
4243,2
4244,2
4245,2
4246,2
4247,2
4248,2
4249,2
4250,2
4251,2
4252,2
4253,2
4254,2
4255,2
4256,2
4257,2
4258,2
4259,2
4260,2
4261,2
4262,2
4263,2
4264,2
4265,2
4266,2
4267,2
4268,2
4269,2
4270,2
4271,2
4272,2
4273,2
4274,2
4275,2
4276,2
4277,2
4278,2
4279,2
4280,2
4281,2
4282,2
4283,2
4284,2
4285,2
4286,2
4287,2
4288,2
4289,2
4290,2
4291,2
4292,2
4293,2
4294,2
4295,2
4296,2
4297,2
4298,2
4299,2
4300,2
4301,2
4302,2
4303,2
4304,2
4305,2
4306,2
4307,2
4308,2
4309,2
4310,2
4311,2
4312,2
4313,2
4314,2
4315,2
4316,2
4317,2
4318,2
4319,2
4320,2
4321,2
4322,2
4323,2
4324,2
4325,2
4326,2
4327,2
4328,2
4329,2
4330,2
4331,2
4332,2
4333,2
4334,2
4335,2
4336,2
4337,2
4338,2
4339,2
4340,2
4341,2
4342,2
4343,2
4344,2
4345,2
4346,2
4347,2
4348,2
4349,2
4350,2
4351,2
4352,2
4353,2
4354,2
4355,2
4356,2
4357,2
4358,2
4359,2
4360,2
4361,2
4362,2
4363,2
4364,2
4365,2
4366,2
4367,2
4368,2
4369,2
4370,2
4371,2
4372,2
4373,2
4374,2
4375,2
4376,2
4377,2
4378,2
4379,2
4380,2
4381,2
4382,2
4383,2
4384,2
4385,2
4386,2
4387,2
4388,2
4389,2
4390,2
4391,2
4392,2
4393,2
4394,2
4395,2
4396,2
4397,2
4398,2
4399,2
4400,2
4401,2
4402,2
4403,2
4404,2
4405,2
4406,2
4407,2
4408,2
4409,2
4410,2
4411,2
4412,2
4413,2
4414,2
4415,2
4416,2
4417,2
4418,2
4419,2
4420,2
4421,2
4422,2
4423,2
4424,2
4425,2
4426,2
4427,2
4428,2
4429,2
4430,2
4431,2
4432,2
4433,2
4434,2
4435,2
4436,2
4437,2
4438,2
4439,2
4440,2
4441,2
4442,2
4443,2
4444,2
4445,2
4446,2
4447,2
4448,2
4449,2
4450,2
4451,2
4452,2
4453,2
4454,2
4455,2
4456,2
4457,2
4458,2
4459,2
4460,2
4461,2
4462,2
4463,2
4464,2
4465,2
4466,2
4467,2
4468,2
4469,2
4470,2
4471,2
4472,2
4473,2
4474,2
4475,2
4476,2
4477,2
4478,2
4479,2
4480,2
4481,2
4482,2
4483,2
4484,2
4485,2
4486,2
4487,2
4488,2
4489,2
4490,2
4491,2
4492,2
4493,2
4494,2
4495,2
4496,2
4497,2
4498,2
4499,2
4500,2
4501,2
4502,2
4503,2
4504,2
4505,2
4506,2
4507,2
4508,2
4509,2
4510,2
4511,2
4512,2
4513,2
4514,2
4515,2
4516,2
4517,2
4518,2
4519,2
4520,2
4521,2
4522,2
4523,2
4524,2
4525,2
4526,2
4527,2
4528,2
4529,2
4530,2
4531,2
4532,2
4533,2
4534,2
4535,2
4536,2
4537,2
4538,2
4539,2
4540,2
4541,2
4542,2
4543,2
4544,2
4545,2
4546,2
4547,2
4548,2
4549,2
4550,2
4551,2
4552,2
4553,2
4554,2
4555,2
4556,2
4557,2
4558,2
4559,2
4560,2
4561,2
4562,2
4563,2
4564,2
4565,2
4566,2
4567,2
4568,2
4569,2
4570,2
4571,2
4572,2
4573,2
4574,2
4575,2
4576,2
4577,2
4578,2
4579,2
4580,2
4581,2
4582,2
4583,2
4584,2
4585,2
4586,2
4587,2
4588,2
4589,2
4590,2
4591,2
4592,2
4593,2
4594,2
4595,2
4596,2
4597,2
4598,2
4599,2
4600,2
4601,2
4602,2
4603,2
4604,2
4605,2
4606,2
4607,2
4608,2
4609,2
4610,2
4611,2
4612,2
4613,2
4614,2
4615,2
4616,2
4617,2
4618,2
4619,2
4620,2
4621,2
4622,2
4623,2
4624,2
4625,2
4626,2
4627,2
4628,2
4629,2
4630,2
4631,2
4632,2
4633,2
4634,2
4635,2
4636,2
4637,2
4638,2
4639,2
4640,2
4641,2
4642,2
4643,2
4644,2
4645,2
4646,2
4647,2
4648,4
4649,4
4650,4
4651,4
4652,4
4653,4
4654,4
4655,4
4656,4
4657,4
4658,4
4659,4
4660,4
4661,4
4662,4
4663,4
4664,4
4665,4
4666,4
4667,4
4668,4
4669,4
4670,4
4671,4
4672,4
4673,4
4674,4
4675,4
4676,4
4677,4
4678,4
4679,4
4680,4
4681,4
4682,4
4683,4
4684,4
4685,4
4686,4
4687,4
4688,4
4689,4
4690,4
4691,4
4692,4
4693,4
4694,4
4695,4
4696,4
4697,4
4698,4
4699,4
4700,4
4701,4
4702,4
4703,4
4704,4
4705,4
4706,4
4707,4
4708,4
4709,4
4710,4
4711,4
4712,4
4713,4
4714,4
4715,4
4716,4
4717,4
4718,4
4719,4
4720,4
4721,4
4722,4
4723,4
4724,4
4725,4
4726,4
4727,4
4728,4
4729,4
4730,4
4731,4
4732,4
4733,4
4734,4
4735,4
4736,4
4737,4
4738,4
4739,4
4740,4
4741,4
4742,4
4743,4
4744,4
4745,4
4746,4
4747,4
4748,4
4749,4
4750,4
4751,4
4752,4
4753,4
4754,4
4755,4
4756,4
4757,4
4758,4
4759,4
4760,4
4761,4
4762,4
4763,4
4764,4
4765,4
4766,4
4767,4
4768,4
4769,4
4770,4
4771,4
4772,4
4773,4
4774,4
4775,4
4776,4
4777,4
4778,4
4779,4
4780,4
4781,4
4782,4
4783,4
4784,4
4785,4
4786,4
4787,4
4788,4
4789,4
4790,4
4791,4
4792,4
4793,4
4794,4
4795,4
4796,4
4797,4
4798,4
4799,4
4800,4
4801,4
4802,4
4803,4
4804,4
4805,4
4806,4
4807,4
4808,4
4809,4
4810,4
4811,4
4812,4
4813,4
4814,4
4815,4
4816,4
4817,4
4818,4
4819,4
4820,4
4821,4
4822,4
4823,4
4824,4
4825,4
4826,4
4827,4
4828,4
4829,4
4830,4
4831,4
4832,4
4833,4
4834,4
4835,4
4836,4
4837,4
4838,4
4839,4
4840,4
4841,4
4842,4
4843,4
4844,4
4845,4
4846,4
4847,4
4848,4
4849,4
4850,4
4851,4
4852,4
4853,4
4854,4
4855,4
4856,4
4857,4
4858,4
4859,4
4860,4
4861,4
4862,4
4863,4
4864,4
4865,4
4866,4
4867,4
4868,4
4869,4
4870,4
4871,4
4872,4
4873,4
4874,4
4875,4
4876,4
4877,4
4878,4
4879,4
4880,4
4881,4
4882,4
4883,4
4884,4
4885,4
4886,4
4887,4
4888,4
4889,4
4890,4
4891,4
4892,4
4893,4
4894,4
4895,4
4896,4
4897,4
4898,4
4899,4
4900,4
4901,4
4902,4
4903,4
4904,4
4905,4
4906,4
4907,4
4908,4
4909,4
4910,4
4911,4
4912,4
4913,4
4914,4
4915,4
4916,4
4917,4
4918,4
4919,4
4920,4
4921,4
4922,4
4923,4
4924,4
4925,4
4926,4
4927,4
4928,4
4929,4
4930,4
4931,4
4932,4
4933,4
4934,4
4935,4
4936,4
4937,4
4938,4
4939,4
4940,4
4941,4
4942,4
4943,4
4944,4
4945,4
4946,4
4947,4
4948,4
4949,4
4950,4
4951,4
4952,4
4953,4
4954,4
4955,4
4956,4
4957,4
4958,4
4959,4
4960,4
4961,4
4962,4
4963,4
4964,4
4965,4
4966,4
4967,4
4968,4
4969,4
4970,4
4971,4
4972,4
4973,4
4974,4
4975,4
4976,4
4977,4
4978,4
4979,4
4980,4
4981,4
4982,4
4983,4
4984,4
4985,4
4986,4
4987,4
4988,4
4989,4
4990,4
4991,4
4992,4
4993,4
4994,4
4995,4
4996,4
4997,4
4998,4
4999,4
5000,4
5001,4
5002,4
5003,4
5004,4
5005,4
5006,4
5007,4
5008,4
5009,4
5010,4
5011,4
5012,4
5013,4
5014,4
5015,4
5016,4
5017,4
5018,4
5019,4
5020,4
5021,6
5022,6
5023,6
5024,6
5025,6
5026,6
5027,6
5028,6
5029,6
5030,6
5031,6
5032,6
5033,6
5034,6
5035,6
5036,6
5037,6
5038,6
5039,6
5040,6
5041,6
5042,6
5043,6
5044,6
5045,6
5046,6
5047,6
5048,6
5049,6
5050,6
5051,6
5052,6
5053,6
5054,6
5055,6
5056,6
5057,6
5058,6
5059,6
5060,6
5061,6
5062,6
5063,6
5064,6
5065,6
5066,6
5067,6
5068,6
5069,6
5070,6
5071,6
5072,6
5073,6
5074,6
5075,6
5076,6
5077,6
5078,6
5079,6
5080,6
5081,6
5082,6
5083,6
5084,6
5085,6
5086,6
5087,6
5088,6
5089,6
5090,6
5091,6
5092,6
5093,6
5094,6
5095,6
5096,6
5097,6
5098,6
5099,6
5100,6
5101,6
5102,6
5103,6
5104,6
5105,6
5106,6
5107,6
5108,6
5109,6
5110,6
5111,6
5112,6
5113,6
5114,6
5115,6
5116,6
5117,6
5118,6
5119,6
5120,6
5121,6
5122,6
5123,6
5124,6
5125,6
5126,6
5127,6
5128,6
5129,6
5130,6
5131,6
5132,6
5133,6
5134,6
5135,6
5136,6
5137,6
5138,6
5139,6
5140,6
5141,6
5142,6
5143,6
5144,6
5145,6
5146,6
5147,6
5148,6
5149,6
5150,6
5151,6
5152,6
5153,6
5154,6
5155,6
5156,6
5157,6
5158,6
5159,6
5160,6
5161,6
5162,6
5163,6
5164,6
5165,6
5166,6
5167,6
5168,6
5169,6
5170,6
5171,6
5172,6
5173,6
5174,6
5175,6
5176,6
5177,6
5178,6
5179,6
5180,6
5181,6
5182,6
5183,6
5184,6
5185,6
5186,6
5187,6
5188,6
5189,6
5190,6
5191,6
5192,6
5193,6
5194,6
5195,6
5196,6
5197,6
5198,6
5199,6
5200,6
5201,6
5202,6
5203,6
5204,6
5205,6
5206,6
5207,6
5208,6
5209,6
5210,6
5211,6
5212,6
5213,6
5214,6
5215,6
5216,6
5217,6
5218,6
5219,6
5220,6
5221,6
5222,6
5223,6
5224,6
5225,6
5226,6
5227,6
5228,6
5229,6
5230,6
5231,6
5232,6
5233,6
5234,6
5235,6
5236,6
5237,6
5238,6
5239,6
5240,6
5241,6
5242,6
5243,6
5244,6
5245,6
5246,6
5247,6
5248,6
5249,6
5250,6
5251,6
5252,6
5253,6
5254,6
5255,6
5256,6
5257,6
5258,6
5259,6
5260,6
5261,6
5262,6
5263,6
5264,6
5265,6
5266,6
5267,6
5268,6
5269,6
5270,6
5271,6
5272,6
5273,6
5274,6
5275,6
5276,6
5277,6
5278,6
5279,6
5280,6
5281,6
5282,6
5283,6
5284,6
5285,6
5286,6
5287,6
5288,6
5289,6
5290,6
5291,6
5292,6
5293,6
5294,6
5295,6
5296,6
5297,6
5298,6
5299,6
5300,6
5301,6
5302,6
5303,6
5304,6
5305,6
5306,6
5307,6
5308,6
5309,6
5310,6
5311,6
5312,6
5313,6
5314,6
5315,6
5316,6
5317,6
5318,6
5319,6
5320,6
5321,6
5322,6
5323,6
5324,6
5325,6
5326,6
5327,6
5328,6
5329,6
5330,6
5331,6
5332,6
5333,6
5334,6
5335,6
5336,6
5337,6
5338,6
5339,6
5340,6
5341,6
5342,6
5343,6
5344,6
5345,6
5346,6
5347,6
5348,6
5349,6
5350,6
5351,6
5352,6
5353,6
5354,6
5355,6
5356,6
5357,6
5358,6
5359,6
5360,6
5361,6
5362,6
5363,6
5364,6
5365,6
5366,6
5367,6
5368,6
5369,6
5370,6
5371,6
5372,6
5373,6
5374,6
5375,6
5376,6
5377,6
5378,6
5379,6
5380,6
5381,0
5382,0
5383,0
5384,0
5385,0
5386,0
5387,0
5388,0
5389,0
5390,0
5391,0
5392,0
5393,0
5394,0
5395,0
5396,0
5397,0
5398,0
5399,0
5400,0
5401,0
5402,0
5403,0
5404,0
5405,0
5406,0
5407,0
5408,0
5409,0
5410,0
5411,0
5412,0
5413,0
5414,0
5415,0
5416,0
5417,0
5418,0
5419,0
5420,0
5421,0
5422,0
5423,0
5424,0
5425,0
5426,0
5427,0
5428,0
5429,0
5430,0
5431,0
5432,0
5433,0
5434,0
5435,0
5436,0
5437,0
5438,0
5439,0
5440,0
5441,0
5442,0
5443,0
5444,0
5445,0
5446,0
5447,0
5448,0
5449,0
5450,0
5451,0
5452,0
5453,0
5454,0
5455,0
5456,0
5457,0
5458,0
5459,0
5460,0
5461,0
5462,0
5463,0
5464,0
5465,0
5466,0
5467,0
5468,0
5469,0
5470,0
5471,0
5472,0
5473,0
5474,0
5475,0
5476,0
5477,0
5478,0
5479,0
5480,0
5481,0
5482,0
5483,0
5484,0
5485,0
5486,0
5487,0
5488,0
5489,0
5490,0
5491,0
5492,0
5493,0
5494,0
5495,0
5496,0
5497,0
5498,0
5499,0
5500,0
5501,0
5502,0
5503,0
5504,0
5505,0
5506,0
5507,0
5508,0
5509,0
5510,0
5511,0
5512,0
5513,0
5514,0
5515,0
5516,0
5517,0
5518,0
5519,0
5520,0
5521,0
5522,0
5523,0
5524,0
5525,0
5526,0
5527,0
5528,0
5529,0
5530,0
5531,0
5532,0
5533,0
5534,0
5535,0
5536,0
5537,0
5538,0
5539,0
5540,0
5541,0
5542,0
5543,0
5544,0
5545,0
5546,0
5547,0
5548,0
5549,0
5550,0
5551,0
5552,0
5553,0
5554,0
5555,0
5556,0
5557,0
5558,0
5559,0
5560,0
5561,0
5562,0
5563,0
5564,0
5565,0
5566,0
5567,0
5568,0
5569,0
5570,0
5571,0
5572,0
5573,0
5574,0
5575,0
5576,0
5577,0
5578,0
5579,0
5580,0
5581,0
5582,0
5583,0
5584,0
5585,0
5586,0
5587,0
5588,0
5589,0
5590,0
5591,0
5592,0
5593,0
5594,0
5595,0
5596,0
5597,0
5598,0
5599,0
5600,0
5601,0
5602,0
5603,0
5604,0
5605,0
5606,0
5607,0
5608,0
5609,0
5610,0
5611,0
5612,0
5613,0
5614,0
5615,0
5616,0
5617,0
5618,0
5619,0
5620,0
5621,0
5622,0
5623,0
5624,0
5625,0
5626,0
5627,0
5628,0
5629,0
5630,0
5631,0
5632,0
5633,0
5634,0
5635,0
5636,0
5637,0
5638,0
5639,0
5640,0
5641,0
5642,0
5643,0
5644,0
5645,0
5646,0
5647,0
5648,0
5649,0
5650,0
5651,0
5652,0
5653,0
5654,0
5655,0
5656,0
5657,0
5658,0
5659,0
5660,0
5661,0
5662,0
5663,0
5664,0
5665,0
5666,0
5667,0
5668,0
5669,0
5670,0
5671,0
5672,0
5673,0
5674,0
5675,0
5676,0
5677,0
5678,0
5679,0
5680,0
5681,0
5682,0
5683,0
5684,0
5685,0